"Transect","year","date","start.time","presence","date.ord","moon.phase"
"EASO-01",2013,2013-03-26,"21:18",0,85,0.998
"EASO-01",2013,2013-04-13,"21:16",0,103,0.137
"EASO-01",2013,2013-05-13,"21:45",0,133,0.155
"EASO-01",2014,2014-04-08,"20:50",0,98,0.665
"EASO-01",2014,2014-04-09,"20:05",0,99,0.748
"EASO-01",2014,2014-05-06,"20:35",0,126,0.502
"EASO-01",2014,2014-05-15,"20:40",0,135,0.979
"EASO-01",2015,2015-04-08,"20:10",0,98,0.803
"EASO-01",2015,2015-04-24,"20:25",1,114,0.412
"EASO-01",2015,2015-05-07,"20:34",1,127,0.839
"EASO-01",2015,2015-05-17,"20:42",0,137,0.001
"EASO-01",2016,2016-02-03,"23:41",0,34,0.209
"EASO-01",2016,2016-04-07,"23:56",0,98,0.01
"EASO-01",2016,2016-05-04,"00:29",0,125,0.085
"EASO-01",2016,2016-05-24,"00:23",0,145,0.946
"EASO-01",2017,2017-03-16,"22:56",0,75,0.799
"EASO-01",2017,2017-04-06,"22:43",0,96,0.845
"EASO-01",2017,2017-05-03,"23:24",0,123,0.615
"EASO-01",2017,2017-05-29,"23:11",0,149,0.247
"EASO-01",2018,2018-03-16,"22:21",0,75,0.003
"EASO-01",2018,2018-04-05,"23:30",0,95,0.689
"EASO-01",2018,2018-04-25,"23:20",0,115,0.85
"EASO-01",2018,2018-05-26,"23:22",0,146,0.947
"EASO-01",2019,2019-03-17,"21:28",0,76,0.892
"EASO-01",2019,2019-04-09,"21:27",0,99,0.228
"EASO-01",2019,2019-04-20,"21:37",0,110,0.959
"EASO-01",2019,2019-05-18,"21:53",0,138,0.997
"EASO-01",2021,2021-03-23,"22:15",0,82,0.758
"EASO-01",2021,2021-04-19,"21:22",0,109,0.501
"EASO-01",2021,2021-05-01,"21:58",0,121,0.69
"EASO-02",2013,2013-03-30,"04:00",0,89,0.891
"EASO-02",2013,2013-04-27,"21:22",1,117,0.931
"EASO-02",2013,2013-05-12,"21:50",0,132,0.094
"EASO-02",2014,2014-03-02,"00:00",0,61,0.015
"EASO-02",2014,2014-04-10,"20:45",0,100,0.827
"EASO-02",2014,2014-04-28,"22:00",0,118,0
"EASO-02",2015,2015-03-31,"20:20",1,90,0.898
"EASO-02",2015,2015-04-28,"21:16",0,118,0.781
"EASO-02",2015,2015-05-03,"20:35",0,123,0.999
"EASO-02",2015,2015-05-21,"20:40",0,141,0.179
"EASO-02",2016,2016-04-07,"21:26",0,98,0.008
"EASO-02",2016,2016-04-11,"20:55",0,102,0.274
"EASO-02",2016,2016-04-23,"22:05",0,114,0.964
"EASO-02",2016,2016-05-12,"21:30",0,133,0.437
"EASO-02",2017,2017-03-27,"20:43",0,86,0.001
"EASO-02",2017,2017-04-11,"21:24",0,101,0.989
"EASO-02",2017,2017-05-03,"21:56",1,123,0.608
"EASO-02",2017,2017-05-19,"05:07",0,139,0.441
"EASO-02",2018,2018-03-29,"20:30",0,88,0.98
"EASO-02",2018,2018-04-10,"20:53",0,100,0.244
"EASO-02",2018,2018-05-06,"21:09",0,126,0.586
"EASO-02",2018,2018-05-25,"21:24",0,145,0.886
"EASO-02",2019,2019-04-08,"21:54",0,98,0.145
"EASO-02",2019,2019-05-13,"21:36",0,133,0.748
"EASO-02",2019,2019-05-17,"22:27",0,137,0.994
"EASO-02",2020,2020-05-04,"21:26",1,125,0.931
"EASO-02",2020,2020-05-10,"21:20",0,131,0.829
"EASO-04",2013,2013-03-07,"19:12",0,66,0.157
"EASO-04",2013,2013-04-20,"05:26",0,110,0.695
"EASO-04",2013,2013-05-20,"22:17",0,140,0.804
"EASO-04",2014,2014-04-01,"20:23",0,91,0.069
"EASO-04",2014,2014-04-24,"20:31",1,114,0.192
"EASO-04",2014,2014-05-13,"20:39",0,133,0.993
"EASO-04",2017,2017-03-31,"20:38",0,90,0.202
"EASO-04",2017,2017-04-21,"21:15",0,111,0.226
"EASO-04",2017,2017-04-28,"21:35",0,118,0.097
"EASO-04",2017,2017-05-12,"21:40",0,132,0.951
"EASO-04",2018,2018-03-22,"23:02",0,81,0.342
"EASO-04",2018,2018-04-10,"21:38",0,100,0.241
"EASO-04",2018,2018-05-01,"21:31",0,121,0.948
"EASO-04",2018,2018-05-20,"22:30",0,140,0.383
"EASO-04",2019,2019-04-02,"21:00",0,92,0.05
"EASO-04",2019,2019-04-16,"21:13",0,106,0.935
"EASO-04",2019,2019-05-12,"21:15",0,132,0.637
"EASO-04",2019,2019-05-24,"23:55",0,144,0.632
"EASO-04",2021,2021-04-03,"21:56",0,93,0.538
"EASO-04",2021,2021-04-24,"22:08",0,114,0.946
"EASO-04",2021,2021-05-14,"21:56",0,134,0.102
"EASO-04",2021,2021-05-27,"21:54",0,147,0.958
"EASO-06",2013,2013-04-07,"20:36",0,97,0.052
"EASO-06",2013,2013-04-29,"21:12",0,119,0.768
"EASO-06",2014,2014-03-05,"21:00",0,64,0.268
"EASO-06",2014,2014-04-14,"21:35",0,104,0.999
"EASO-06",2014,2014-05-03,"21:13",0,123,0.236
"EASO-06",2014,2014-05-19,"21:30",0,139,0.667
"EASO-06",2015,2015-03-31,"20:40",1,90,0.899
"EASO-06",2015,2015-04-12,"21:22",0,102,0.373
"EASO-06",2015,2015-04-25,"20:30",0,115,0.51
"EASO-06",2015,2015-04-30,"20:30",1,120,0.912
"EASO-06",2016,2016-04-20,"20:45",0,111,0.989
"EASO-06",2016,2016-04-21,"20:20",0,112,0.999
"EASO-06",2016,2016-05-05,"20:15",0,126,0.007
"EASO-06",2016,2016-05-15,"20:24",0,136,0.726
"EASO-06",2017,2017-04-05,"21:48",1,95,0.754
"EASO-06",2017,2017-04-12,"20:08",1,102,0.963
"EASO-06",2017,2017-04-16,"20:15",1,106,0.711
"EASO-06",2017,2017-04-27,"20:20",1,117,0.037
"EASO-06",2018,2018-04-04,"20:05",0,94,0.784
"EASO-06",2018,2018-04-11,"20:23",0,101,0.167
"EASO-06",2018,2018-04-19,"20:10",0,109,0.192
"EASO-06",2018,2018-04-24,"19:50",0,114,0.745
"EASO-06",2020,2020-03-29,"21:00",0,89,0.283
"EASO-06",2020,2020-04-14,"20:45",0,105,0.491
"EASO-06",2020,2020-05-01,"21:22",0,122,0.664
"EASO-06",2020,2020-05-22,"22:49",0,143,0.002
"EASO-06",2021,2021-03-31,"19:43",1,90,0.859
"EASO-06",2021,2021-04-11,"20:01",1,101,0.001
"EASO-06",2021,2021-04-17,"20:17",0,107,0.3
"EASO-06",2021,2021-04-22,"20:28",1,112,0.797
"EASO-08",2013,2013-05-15,"21:02",0,135,0.312
"EASO-08",2013,2013-05-21,"04:50",0,141,0.827
"EASO-08",2014,2014-03-31,"20:30",0,90,0.025
"EASO-08",2014,2014-04-10,"21:00",0,100,0.828
"EASO-08",2014,2014-04-18,"21:30",0,108,0.837
"EASO-08",2014,2014-05-05,"21:35",0,125,0.413
"EASO-08",2015,2015-03-31,"19:50",0,90,0.897
"EASO-08",2015,2015-05-21,"21:52",0,141,0.183
"EASO-08",2017,2017-03-27,"20:05",0,86,0.001
"EASO-08",2017,2017-04-11,"20:06",0,101,0.99
"EASO-08",2017,2017-05-14,"21:55",0,134,0.84
"EASO-08",2017,2017-05-16,"22:10",0,136,0.674
"EASO-08",2019,2019-03-09,"19:00",0,68,0.109
"EASO-08",2019,2019-05-13,"21:41",0,133,0.748
"EASO-08",2019,2019-05-17,"21:16",1,137,0.994
"EASO-08",2020,2020-03-30,"21:01",0,90,0.381
"EASO-08",2020,2020-04-27,"20:02",0,118,0.229
"EASO-08",2020,2020-05-15,"22:37",0,136,0.349
"EASO-08",2021,2021-03-25,"23:09",0,84,0.914
"EASO-08",2021,2021-04-18,"20:29",0,108,0.396
"EASO-08",2021,2021-04-29,"23:01",0,119,0.873
"EASO-08",2021,2021-05-20,"21:21",0,140,0.664
"EASO-09",2013,2013-03-27,"06:00",0,86,0.999
"EASO-09",2013,2013-04-11,"05:00",0,101,0.014
"EASO-09",2013,2013-05-20,"05:00",0,140,0.738
"EASO-09",2014,2014-03-11,"21:10",0,70,0.813
"EASO-09",2014,2014-03-14,"21:00",0,73,0.972
"EASO-09",2016,2016-05-23,"21:45",0,144,0.951
"EASO-09",2020,2020-03-07,"19:05",0,67,0.963
"EASO-09",2020,2020-03-23,"20:17",0,83,0.003
"EASO-09",2020,2020-04-08,"20:41",0,99,0.983
"EASO-09",2020,2020-05-10,"20:40",0,131,0.832
"EASO-10",2013,2013-03-10,"19:37",0,69,0.007
"EASO-10",2013,2013-05-17,"04:10",0,137,0.435
"EASO-10",2015,2015-03-18,"04:25",0,77,0.052
"EASO-10",2015,2015-04-10,"05:32",0,100,0.671
"EASO-10",2015,2015-04-23,"23:50",0,113,0.329
"EASO-10",2015,2015-05-01,"23:38",0,121,0.963
"EASO-10",2016,2016-04-07,"21:33",1,98,0.008
"EASO-10",2016,2016-04-24,"22:20",1,115,0.92
"EASO-10",2016,2016-04-26,"21:18",0,117,0.786
"EASO-10",2016,2016-05-01,"22:11",0,122,0.265
"EASO-10",2019,2019-04-13,"20:15",0,103,0.666
"EASO-10",2019,2019-04-16,"20:25",0,106,0.933
"EASO-10",2019,2019-04-27,"20:36",0,117,0.39
"EASO-10",2019,2019-05-10,"21:27",0,130,0.403
"EASO-10",2020,2020-03-02,"20:05",0,62,0.546
"EASO-10",2020,2020-04-20,"22:35",0,111,0.035
"EASO-10",2020,2020-05-01,"22:30",0,122,0.67
"EASO-11",2013,2013-05-20,"22:36",0,140,0.805
"EASO-11",2014,2014-03-12,"19:58",0,71,0.876
"EASO-11",2014,2014-04-03,"21:30",0,93,0.211
"EASO-11",2014,2014-04-15,"23:17",0,105,0.992
"EASO-11",2014,2014-05-10,"21:00",0,130,0.852
"EASO-11",2018,2018-03-22,"20:45",0,81,0.332
"EASO-11",2018,2018-04-19,"21:16",0,109,0.196
"EASO-11",2018,2018-05-07,"20:55",0,127,0.492
"EASO-11",2019,2019-04-08,"19:55",0,98,0.138
"EASO-11",2020,2020-03-30,"20:23",0,90,0.378
"EASO-11",2020,2020-04-27,"20:51",0,118,0.232
"EASO-11",2020,2020-05-15,"20:45",0,136,0.356
"EASO-11",2021,2021-03-25,"20:47",0,84,0.908
"EASO-11",2021,2021-04-18,"23:45",0,108,0.409
"EASO-11",2021,2021-04-29,"23:38",0,119,0.871
"EASO-11",2021,2021-05-21,"00:29",0,141,0.678
"EASO-12",2013,2013-03-29,"22:15",1,88,0.908
"EASO-12",2013,2013-04-28,"22:50",0,118,0.854
"EASO-12",2013,2013-05-21,"22:45",1,141,0.885
"EASO-12",2015,2015-03-27,"21:39",1,86,0.58
"EASO-12",2015,2015-04-22,"20:56",1,112,0.225
"EASO-12",2015,2015-05-28,"22:40",1,148,0.806
"EASO-12",2016,2016-03-31,"20:05",0,91,0.441
"EASO-12",2016,2016-04-03,"20:07",0,94,0.147
"EASO-12",2016,2016-04-20,"20:37",0,111,0.989
"EASO-12",2016,2016-05-09,"20:52",0,130,0.148
"EASO-12",2017,2017-03-22,"05:12",1,81,0.325
"EASO-12",2017,2017-04-02,"21:15",1,92,0.42
"EASO-12",2017,2017-05-01,"21:40",1,121,0.383
"EASO-12",2017,2017-05-24,"21:10",0,144,0.008
"EASO-12",2018,2018-04-08,"05:14",1,98,0.483
"EASO-12",2018,2018-04-19,"21:41",0,109,0.198
"EASO-12",2018,2018-04-28,"04:32",0,118,0.975
"EASO-12",2018,2018-04-30,"04:44",0,120,0.995
"EASO-12",2019,2019-05-13,"20:42",0,133,0.744
"EASO-12",2019,2019-05-30,"20:45",0,150,0.123
"EASO-12",2020,2020-03-17,"20:16",0,77,0.332
"EASO-12",2020,2020-05-03,"05:00",0,124,0.8
"EASO-12",2020,2020-05-04,"20:48",0,125,0.929
"EASO-12",2021,2021-04-03,"20:09",0,93,0.546
"EASO-12",2021,2021-04-24,"20:32",0,114,0.943
"EASO-12",2021,2021-04-29,"20:20",1,119,0.882
"EASO-12",2021,2021-05-14,"20:25",0,134,0.099
"EASO-15",2013,2013-03-29,"00:35",0,88,0.959
"EASO-15",2013,2013-05-03,"00:13",0,123,0.419
"EASO-15",2013,2013-05-16,"23:12",0,136,0.414
"EASO-15",2014,2014-03-13,"21:51",0,72,0.935
"EASO-15",2014,2014-04-08,"21:30",0,98,0.667
"EASO-15",2017,2017-04-14,"22:53",0,104,0.855
"EASO-15",2017,2017-04-28,"22:25",0,118,0.099
"EASO-15",2017,2017-05-12,"22:35",0,132,0.949
"EASO-15",2018,2018-03-25,"20:41",0,84,0.678
"EASO-15",2018,2018-04-12,"05:40",0,102,0.14
"EASO-15",2018,2018-04-18,"20:51",0,108,0.111
"EASO-15",2018,2018-05-03,"22:25",0,123,0.832
"EASO-15",2019,2019-03-20,"19:50",0,79,0.998
"EASO-15",2019,2019-03-21,"00:25",0,80,0.997
"EASO-15",2019,2019-04-14,"04:30",0,104,0.704
"EASO-15",2019,2019-05-06,"00:22",0,126,0.018
"EASO-15",2020,2020-03-31,"22:16",0,91,0.492
"EASO-15",2020,2020-04-21,"21:49",0,112,0.01
"EASO-15",2020,2020-05-01,"21:40",0,122,0.666
"EASO-15",2020,2020-05-15,"21:32",0,136,0.353
"EASO-15",2021,2021-03-25,"21:34",0,84,0.91
"EASO-15",2021,2021-04-18,"22:21",0,108,0.403
"EASO-15",2021,2021-04-29,"22:17",0,119,0.876
"EASO-15",2021,2021-05-20,"20:25",0,140,0.66
"EASO-16",2014,2014-03-03,"19:57",0,62,0.102
"EASO-16",2014,2014-03-13,"20:00",0,72,0.931
"EASO-16",2014,2014-04-08,"20:37",0,98,0.664
"EASO-16",2014,2014-04-30,"20:30",0,120,0.043
"EASO-16",2015,2015-03-11,"20:25",0,70,0.658
"EASO-16",2015,2015-04-05,"20:29",0,95,0.977
"EASO-16",2015,2015-04-24,"20:39",0,114,0.413
"EASO-16",2017,2017-03-24,"20:24",0,83,0.109
"EASO-16",2017,2017-03-25,"05:35",0,84,0.085
"EASO-16",2017,2017-04-06,"20:18",0,96,0.837
"EASO-16",2017,2017-05-15,"05:15",0,135,0.818
"EASO-16",2018,2018-03-22,"20:20",0,81,0.33
"EASO-16",2018,2018-04-10,"20:31",0,100,0.245
"EASO-16",2018,2018-05-16,"21:32",0,136,0.036
"EASO-17",2013,2013-03-26,"20:55",1,85,0.998
"EASO-17",2013,2013-04-13,"20:54",0,103,0.136
"EASO-17",2013,2013-05-13,"21:22",0,133,0.154
"EASO-17",2014,2014-04-08,"20:20",0,98,0.663
"EASO-17",2014,2014-04-29,"19:52",0,119,0.01
"EASO-17",2014,2014-05-06,"20:55",0,126,0.503
"EASO-17",2014,2014-05-15,"21:00",0,135,0.979
"EASO-17",2015,2015-03-10,"19:40",1,69,0.755
"EASO-17",2015,2015-03-31,"20:00",0,90,0.897
"EASO-17",2015,2015-04-21,"20:20",0,111,0.141
"EASO-17",2015,2015-05-18,"20:45",0,138,0.015
"EASO-17",2016,2016-03-27,"19:50",0,87,0.818
"EASO-17",2016,2016-04-12,"20:10",0,103,0.376
"EASO-17",2016,2016-04-22,"20:30",0,113,0.991
"EASO-17",2016,2016-05-11,"21:30",0,132,0.335
"EASO-17",2017,2017-03-21,"19:30",0,80,0.363
"EASO-17",2017,2017-04-12,"20:00",0,102,0.963
"EASO-17",2017,2017-05-24,"20:45",0,144,0.009
"EASO-17",2017,2017-05-27,"20:45",0,147,0.075
"EASO-17",2018,2018-04-26,"23:00",0,116,0.919
"EASO-17",2019,2019-03-17,"21:50",0,76,0.894
"EASO-17",2019,2019-04-09,"21:45",0,99,0.229
"EASO-17",2019,2019-04-20,"21:57",0,110,0.958
"EASO-17",2019,2019-05-18,"22:12",0,138,0.997
"EASO-17",2021,2021-03-25,"23:00",0,84,0.914
"EASO-17",2021,2021-04-19,"22:01",0,109,0.503
"EASO-17",2021,2021-05-04,"20:41",0,124,0.372
"EASO-18",2014,2014-05-05,"20:30",0,125,0.409
"EASO-18",2014,2014-05-18,"21:20",0,138,0.774
"EASO-18",2014,2014-05-26,"21:25",0,146,0.024
"EASO-18",2014,2014-05-28,"21:40",0,148,0.004
"EASO-18",2015,2015-03-30,"20:05",0,89,0.834
"EASO-18",2015,2015-04-06,"20:25",0,96,0.937
"EASO-18",2015,2015-05-26,"21:20",1,146,0.634
"EASO-18",2018,2018-03-22,"20:21",0,81,0.33
"EASO-18",2018,2018-04-19,"20:41",0,109,0.194
"EASO-18",2018,2018-05-07,"21:27",0,127,0.49
"EASO-18",2019,2019-04-08,"21:05",0,98,0.142
"EASO-18",2020,2020-03-29,"19:00",0,89,0.275
"EASO-18",2020,2020-04-10,"20:00",0,101,0.879
"EASO-18",2020,2020-04-17,"20:00",0,108,0.213
"EASO-18",2020,2020-04-24,"21:00",0,115,0.038
"EASO-20",2014,2014-03-24,"20:50",0,83,0.367
"EASO-20",2014,2014-05-02,"21:15",0,122,0.16
"EASO-20",2014,2014-05-18,"21:30",0,138,0.773
"EASO-20",2014,2014-05-27,"21:45",0,147,0.003
"EASO-20",2015,2015-04-15,"20:50",0,105,0.09
"EASO-20",2015,2015-04-27,"21:04",0,117,0.698
"EASO-20",2015,2015-05-09,"21:18",0,129,0.641
"EASO-20",2015,2015-05-28,"21:24",0,148,0.802
"EASO-20",2016,2016-03-27,"20:40",0,87,0.815
"EASO-20",2016,2016-04-09,"21:01",0,100,0.1
"EASO-20",2016,2016-05-03,"21:06",0,124,0.094
"EASO-20",2016,2016-05-17,"21:24",0,138,0.878
"EASO-20",2017,2017-03-21,"20:20",0,80,0.36
"EASO-20",2017,2017-04-05,"21:37",0,95,0.753
"EASO-20",2017,2017-04-19,"21:30",0,109,0.419
"EASO-20",2017,2017-05-16,"21:15",0,136,0.678
"EASO-20",2018,2018-03-22,"21:51",0,81,0.337
"EASO-20",2018,2018-04-24,"20:53",0,114,0.75
"EASO-20",2018,2018-05-06,"20:56",0,126,0.587
"EASO-20",2018,2018-05-14,"22:31",0,134,0.003
"EASO-20",2020,2020-03-24,"21:37",0,84,0.008
"EASO-20",2020,2020-04-06,"21:06",0,97,0.986
"EASO-20",2020,2020-04-21,"22:13",0,112,0.01
"EASO-20",2020,2020-04-29,"22:14",0,120,0.443
"EASO-22",2013,2013-03-28,"19:55",0,87,0.967
"EASO-22",2013,2013-04-24,"20:45",0,114,0.992
"EASO-22",2013,2013-05-03,"20:40",0,123,0.326
"EASO-22",2015,2015-04-12,"20:44",0,102,0.376
"EASO-22",2015,2015-04-28,"20:48",0,118,0.78
"EASO-22",2015,2015-05-21,"21:10",0,141,0.181
"EASO-22",2015,2015-05-25,"21:01",0,145,0.54
"EASO-22",2017,2017-04-11,"21:00",0,101,0.989
"EASO-22",2017,2017-05-05,"21:30",0,125,0.801
"EASO-22",2017,2017-05-19,"22:00",1,139,0.367
"EASO-22",2017,2017-05-28,"22:00",0,148,0.151
"EASO-22",2018,2018-04-16,"22:40",1,106,0.016
"EASO-22",2018,2018-05-07,"02:00",0,127,0.567
"EASO-22",2018,2018-05-24,"22:34",0,144,0.814
"EASO-22",2018,2018-05-30,"00:15",0,150,0.993
"EASO-22",2020,2020-03-30,"20:35",0,90,0.379
"EASO-22",2020,2020-04-20,"21:05",0,111,0.037
"EASO-22",2020,2020-05-01,"21:20",0,122,0.664
"EASO-23",2013,2013-03-31,"19:27",0,90,0.745
"EASO-23",2013,2013-05-02,"20:15",0,122,0.437
"EASO-23",2013,2013-05-28,"21:40",0,148,0.794
"EASO-23",2014,2014-04-28,"20:30",0,118,0
"EASO-23",2015,2015-03-14,"21:13",0,73,0.332
"EASO-23",2015,2015-03-28,"05:39",0,87,0.613
"EASO-23",2015,2015-04-30,"20:57",0,120,0.913
"EASO-23",2016,2016-03-21,"20:42",0,81,0.985
"EASO-23",2016,2016-04-09,"21:19",0,100,0.1
"EASO-23",2016,2016-04-23,"22:12",0,114,0.964
"EASO-23",2016,2016-05-29,"04:50",0,150,0.493
"EASO-23",2017,2017-03-08,"21:27",0,67,0.879
"EASO-23",2017,2017-04-08,"22:09",0,98,0.962
"EASO-23",2018,2018-04-16,"22:05",0,106,0.015
"EASO-23",2018,2018-05-07,"01:29",0,127,0.569
"EASO-23",2018,2018-05-24,"22:05",0,144,0.812
"EASO-23",2018,2018-05-30,"23:45",0,150,0.971
"EASO-23",2019,2019-04-12,"19:30",0,102,0.548
"EASO-23",2019,2019-04-18,"19:45",0,108,0.997
"EASO-23",2019,2019-04-25,"19:30",0,115,0.583
"EASO-23",2019,2019-05-09,"20:00",0,129,0.285
"EASO-24",2013,2013-03-31,"20:07",0,90,0.742
"EASO-24",2013,2013-05-02,"20:54",0,122,0.434
"EASO-24",2013,2013-05-28,"21:00",0,148,0.797
"EASO-24",2014,2014-03-16,"21:30",0,75,0.998
"EASO-24",2014,2014-03-30,"21:45",0,89,0.003
"EASO-24",2014,2014-04-22,"20:55",0,112,0.403
"EASO-24",2014,2014-05-24,"21:25",0,144,0.134
"EASO-24",2015,2015-03-09,"19:35",0,68,0.837
"EASO-24",2015,2015-03-23,"20:00",0,82,0.177
"EASO-24",2015,2015-04-24,"20:35",0,114,0.412
"EASO-24",2015,2015-05-15,"21:25",0,135,0.047
"EASO-24",2017,2017-03-25,"19:49",0,84,0.053
"EASO-24",2017,2017-04-23,"21:13",0,113,0.074
"EASO-24",2017,2017-05-22,"21:31",0,142,0.097
"EASO-24",2018,2018-03-22,"22:26",0,81,0.339
"EASO-24",2018,2018-04-15,"20:20",0,105,0.002
"EASO-24",2018,2018-05-13,"20:45",0,133,0.028
"EASO-24",2018,2018-05-30,"21:24",0,150,0.974
"EASO-24",2019,2019-05-13,"22:00",1,133,0.749
"EASO-24",2021,2021-03-28,"20:55",0,87,0.997
"EASO-24",2021,2021-04-13,"21:10",0,103,0.04
"EASO-24",2021,2021-04-26,"20:50",0,116,0.999
"EASO-24",2021,2021-05-25,"21:00",0,145,0.999
"EASO-25",2014,2014-03-09,"19:36",0,68,0.643
"EASO-25",2014,2014-03-24,"20:01",0,83,0.371
"EASO-25",2014,2014-04-14,"20:17",0,104,0.999
"EASO-25",2014,2014-05-27,"21:00",1,147,0.003
"EASO-25",2015,2015-03-18,"20:30",0,77,0.022
"EASO-25",2015,2015-04-07,"20:35",0,97,0.878
"EASO-25",2016,2016-04-03,"20:56",0,94,0.144
"EASO-25",2016,2016-04-26,"21:24",0,117,0.786
"EASO-25",2016,2016-05-12,"21:57",1,133,0.439
"EASO-25",2017,2017-03-25,"21:50",0,84,0.049
"EASO-25",2017,2017-04-17,"21:16",0,107,0.617
"EASO-25",2017,2017-04-29,"21:41",0,119,0.177
"EASO-25",2017,2017-05-22,"21:15",0,142,0.097
"EASO-25",2019,2019-03-20,"20:09",0,79,0.998
"EASO-25",2019,2019-04-03,"20:26",0,93,0.018
"EASO-25",2019,2019-05-01,"21:00",0,121,0.085
"EASO-25",2019,2019-05-24,"21:14",0,144,0.642
"EASO-25",2020,2020-03-30,"19:45",0,90,0.375
"EASO-25",2020,2020-04-20,"20:20",0,111,0.038
"EASO-25",2020,2020-05-01,"20:35",0,122,0.661
"EASO-27",2013,2013-05-20,"23:46",0,140,0.809
"EASO-27",2014,2014-03-14,"21:00",0,73,0.972
"EASO-27",2014,2014-04-05,"22:35",0,95,0.393
"EASO-27",2014,2014-05-05,"04:02",0,125,0.346
"EASO-27",2014,2014-05-17,"22:12",0,137,0.861
"EASO-27",2019,2019-04-17,"22:38",0,107,0.981
"EASO-27",2021,2021-04-07,"22:23",0,97,0.14
"EASO-27",2021,2021-04-28,"22:04",0,118,0.943
"EASO-28",2014,2014-03-14,"20:20",0,73,0.972
"EASO-28",2014,2014-04-05,"22:00",0,95,0.391
"EASO-28",2014,2014-04-25,"22:30",0,115,0.104
"EASO-28",2014,2014-05-04,"20:50",0,124,0.32
"EASO-28",2015,2015-03-06,"19:04",0,65,0.984
"EASO-28",2015,2015-03-09,"19:53",0,68,0.836
"EASO-28",2015,2015-04-01,"20:07",0,91,0.947
"EASO-28",2015,2015-05-01,"20:46",0,121,0.958
"EASO-28",2016,2016-05-23,"21:08",0,144,0.952
"EASO-28",2018,2018-04-19,"21:41",0,109,0.198
"EASO-28",2018,2018-04-28,"04:13",1,118,0.975
"EASO-28",2018,2018-04-30,"04:15",1,120,0.995
"EASO-28",2019,2019-03-28,"20:12",0,87,0.415
"EASO-28",2019,2019-04-04,"20:45",0,94,0.003
"EASO-28",2019,2019-04-16,"22:23",0,106,0.937
"EASO-28",2019,2019-04-17,"21:25",0,107,0.979
"EASO-28",2020,2020-03-26,"19:59",0,86,0.067
"EASO-28",2020,2020-04-21,"20:45",0,112,0.011
"EASO-28",2020,2020-05-25,"21:00",0,146,0.115
"EASO-28",2021,2021-04-03,"20:36",0,93,0.544
"EASO-28",2021,2021-04-24,"20:50",0,114,0.944
"EASO-28",2021,2021-05-14,"20:44",0,134,0.099
"EASO-28",2021,2021-05-27,"20:42",0,147,0.96
"EASO-29",2013,2013-03-29,"00:00",0,88,0.96
"EASO-29",2013,2013-05-02,"23:30",1,122,0.422
"EASO-29",2013,2013-05-16,"23:35",1,136,0.416
"EASO-29",2014,2014-03-13,"21:15",0,72,0.934
"EASO-29",2014,2014-04-08,"21:02",0,98,0.666
"EASO-29",2015,2015-03-29,"20:10",0,88,0.757
"EASO-29",2015,2015-04-22,"20:25",0,112,0.223
"EASO-29",2015,2015-05-11,"20:46",0,131,0.412
"EASO-29",2016,2016-04-01,"20:18",0,92,0.335
"EASO-29",2016,2016-04-14,"20:30",0,105,0.592
"EASO-29",2016,2016-04-23,"23:30",0,114,0.962
"EASO-29",2016,2016-05-12,"22:15",0,133,0.44
"EASO-29",2018,2018-03-25,"21:09",0,84,0.681
"EASO-29",2018,2018-04-18,"21:22",0,108,0.113
"EASO-29",2018,2018-05-03,"22:50",0,123,0.831
"EASO-29",2019,2019-04-02,"21:30",0,92,0.049
"EASO-29",2019,2019-04-16,"21:48",0,106,0.936
"EASO-29",2019,2019-05-13,"21:42",0,133,0.748
"EASO-29",2019,2019-05-24,"22:30",0,144,0.637
"EASO-29",2020,2020-03-31,"22:58",0,91,0.495
"EASO-29",2020,2020-04-21,"20:42",0,112,0.011
"EASO-29",2020,2020-05-01,"20:48",0,122,0.662
"EASO-29",2020,2020-05-15,"21:07",0,136,0.355
"EASO-29",2021,2021-03-25,"22:27",0,84,0.912
"EASO-29",2021,2021-04-18,"21:20",0,108,0.399
"EASO-29",2021,2021-04-29,"21:34",0,119,0.878
"EASO-29",2021,2021-05-20,"23:12",0,140,0.672
"EASO-30",2013,2013-03-10,"21:00",0,69,0.006
"EASO-30",2013,2013-05-11,"05:00",0,131,0.022
"EASO-30",2013,2013-05-17,"05:05",0,137,0.438
"EASO-30",2014,2014-04-07,"19:50",0,97,0.571
"EASO-30",2014,2014-04-14,"21:00",1,104,0.999
"EASO-30",2014,2014-04-21,"21:00",1,111,0.521
"EASO-30",2014,2014-04-28,"21:00",1,118,0
"EASO-30",2015,2015-04-02,"19:45",0,92,0.981
"EASO-30",2015,2015-04-12,"19:45",0,102,0.381
"EASO-30",2015,2015-04-19,"20:20",0,109,0.027
"EASO-30",2015,2015-04-23,"21:50",0,113,0.321
"EASO-30",2016,2016-03-28,"19:55",0,88,0.737
"EASO-30",2016,2016-04-04,"19:40",0,95,0.076
"EASO-30",2016,2016-04-11,"19:45",0,102,0.269
"EASO-30",2017,2017-03-21,"19:25",0,80,0.363
"EASO-30",2017,2017-03-28,"19:55",0,87,0.013
"EASO-30",2017,2017-04-11,"19:45",0,101,0.99
"EASO-30",2017,2017-05-04,"21:25",0,124,0.709
"EASO-30",2018,2018-04-25,"22:20",1,115,0.846
"EASO-30",2018,2018-05-02,"22:10",1,122,0.897
"EASO-30",2018,2018-05-09,"22:15",0,129,0.297
"EASO-30",2018,2018-05-16,"22:15",0,136,0.037
"EASO-30",2019,2019-04-02,"19:30",0,92,0.053
"EASO-30",2019,2019-05-01,"20:15",0,121,0.086
"EASO-30",2019,2019-05-15,"19:55",0,135,0.911
"EASO-31",2013,2013-03-30,"21:30",0,89,0.833
"EASO-31",2013,2013-04-14,"22:05",0,104,0.21
"EASO-31",2013,2013-05-23,"21:50",0,143,0.986
"EASO-31",2019,2019-04-16,"21:45",1,106,0.936
"EASO-31",2019,2019-04-23,"21:00",1,113,0.76
"EASO-31",2019,2019-05-02,"19:30",0,122,0.041
"EASO-31",2019,2019-05-08,"20:00",0,128,0.187
"EASO-31",2020,2020-04-08,"19:50",0,99,0.984
"EASO-31",2020,2020-04-15,"20:00",0,106,0.392
"EASO-31",2020,2020-04-23,"20:30",0,114,0.01
"EASO-31",2021,2021-03-29,"19:41",0,88,0.977
"EASO-32",2013,2013-03-30,"20:51",0,89,0.835
"EASO-32",2013,2013-04-14,"22:45",0,104,0.212
"EASO-32",2013,2013-05-23,"22:25",0,143,0.986
"EASO-32",2014,2014-05-15,"21:20",0,135,0.978
"EASO-32",2014,2014-05-29,"21:43",0,149,0.024
"EASO-32",2016,2016-04-03,"21:38",0,94,0.142
"EASO-32",2016,2016-04-26,"22:15",0,117,0.783
"EASO-32",2016,2016-05-12,"21:20",0,133,0.437
"EASO-32",2018,2018-05-27,"20:55",0,147,0.98
"EASO-32",2018,2018-05-31,"21:02",1,151,0.937
"EASO-32",2018,2018-06-01,"21:05",0,152,0.884
"EASO-32",2020,2020-03-05,"05:20",0,65,0.784
"EASO-32",2020,2020-05-04,"21:07",0,125,0.93
"EASO-32",2021,2021-05-21,"21:40",0,141,0.767
"EASO-33",2013,2013-03-26,"21:50",0,85,0.998
"EASO-33",2013,2013-04-13,"21:46",1,103,0.138
"EASO-33",2013,2013-05-13,"20:12",0,133,0.151
"EASO-33",2014,2014-03-20,"22:35",0,79,0.798
"EASO-33",2014,2014-05-14,"21:45",0,134,0.998
"EASO-33",2015,2015-03-13,"20:14",0,72,0.445
"EASO-33",2015,2015-04-20,"20:50",0,110,0.076
"EASO-33",2015,2015-05-18,"21:45",0,138,0.017
"EASO-33",2016,2016-03-31,"21:08",0,91,0.436
"EASO-33",2016,2016-04-11,"20:38",0,102,0.273
"EASO-33",2016,2016-05-12,"21:25",0,133,0.437
"EASO-33",2016,2016-05-17,"20:58",1,138,0.877
"EASO-33",2017,2017-03-22,"21:22",0,81,0.264
"EASO-33",2017,2017-04-08,"22:02",0,98,0.962
"EASO-33",2017,2017-05-04,"21:48",0,124,0.711
"EASO-33",2017,2017-05-22,"21:59",0,142,0.095
"EASO-33",2018,2018-04-23,"20:45",1,113,0.642
"EASO-33",2018,2018-05-14,"20:55",1,134,0.004
"EASO-33",2018,2018-05-30,"21:00",1,150,0.974
"EASO-33",2020,2020-04-03,"20:55",1,94,0.8
"EASO-33",2020,2020-04-14,"21:05",0,105,0.489
"EASO-33",2020,2020-04-21,"21:30",0,112,0.01
"EASO-33",2020,2020-05-06,"21:00",1,127,0.998
"EASO-33",2021,2021-03-23,"22:37",0,82,0.759
"EASO-33",2021,2021-04-19,"21:01",0,109,0.499
"EASO-33",2021,2021-05-01,"22:21",0,121,0.688
"EASO-34",2013,2013-03-26,"19:50",0,85,0.997
"EASO-34",2013,2013-04-27,"21:10",0,117,0.932
"EASO-34",2013,2013-05-03,"21:05",0,123,0.324
"EASO-34",2014,2014-03-05,"19:20",0,64,0.262
"EASO-34",2014,2014-03-25,"19:45",0,84,0.262
"EASO-34",2014,2014-04-09,"20:03",0,99,0.747
"EASO-34",2014,2014-05-28,"21:25",0,148,0.004
"EASO-34",2017,2017-03-28,"20:20",0,87,0.013
"EASO-34",2017,2017-05-05,"20:20",0,125,0.796
"EASO-34",2017,2017-05-19,"21:15",0,139,0.37
"EASO-34",2017,2017-05-28,"21:00",0,148,0.148
"EASO-34",2018,2018-03-12,"20:06",0,71,0.186
"EASO-34",2018,2018-04-27,"22:09",0,117,0.966
"EASO-34",2018,2018-05-09,"22:10",0,129,0.298
"EASO-34",2018,2018-05-29,"22:05",0,149,0.994
"EASO-34",2019,2019-03-12,"19:45",0,71,0.368
"EASO-34",2019,2019-04-08,"20:00",0,98,0.139
"EASO-34",2019,2019-04-23,"20:20",0,113,0.763
"EASO-34",2020,2020-03-29,"21:35",0,89,0.285
"EASO-34",2020,2020-04-14,"21:07",0,105,0.489
"EASO-34",2020,2020-05-01,"21:44",0,122,0.666
"EASO-34",2020,2020-05-22,"23:09",0,143,0.002
"EASO-36",2013,2013-03-07,"18:42",0,66,0.158
"EASO-36",2013,2013-04-20,"04:55",0,110,0.693
"EASO-36",2013,2013-05-20,"21:46",0,140,0.802
"EASO-36",2015,2015-03-15,"19:38",0,74,0.236
"EASO-36",2015,2015-04-05,"20:22",1,95,0.977
"EASO-36",2015,2015-04-21,"20:36",0,111,0.142
"EASO-36",2015,2015-05-29,"21:24",1,149,0.873
"EASO-36",2016,2016-03-21,"19:57",0,81,0.984
"EASO-36",2016,2016-04-14,"20:47",0,105,0.593
"EASO-36",2016,2016-05-03,"20:37",0,124,0.095
"EASO-36",2016,2016-05-23,"20:59",0,144,0.952
"EASO-36",2017,2017-03-11,"18:36",0,70,0.998
"EASO-36",2017,2017-04-02,"19:59",0,92,0.414
"EASO-36",2017,2017-04-22,"20:37",0,112,0.144
"EASO-36",2017,2017-05-12,"20:37",0,132,0.953
"EASO-36",2018,2018-04-24,"22:20",0,114,0.756
"EASO-36",2018,2018-05-04,"23:57",0,124,0.751
"EASO-36",2018,2018-05-28,"22:40",0,148,0.997
"EASO-36",2018,2018-05-31,"23:55",1,151,0.931
"EASO-36",2019,2019-05-13,"20:49",1,133,0.744
"EASO-36",2019,2019-05-17,"21:39",1,137,0.994
"EASO-36",2020,2020-05-07,"20:50",0,128,0.992
"EASO-36",2020,2020-05-17,"21:50",0,138,0.186
"EASO-36",2020,2020-05-20,"21:22",0,141,0.027
"EASO-36",2020,2020-05-28,"22:15",0,149,0.404
"EASO-37",2014,2014-03-14,"20:10",1,73,0.971
"EASO-37",2014,2014-03-26,"20:00",1,85,0.165
"EASO-37",2014,2014-04-03,"20:30",1,93,0.208
"EASO-37",2014,2014-04-15,"20:00",1,105,0.995
"EASO-37",2016,2016-03-26,"20:47",0,86,0.883
"EASO-37",2016,2016-04-09,"20:55",0,100,0.099
"EASO-37",2016,2016-05-02,"21:38",1,123,0.171
"EASO-37",2016,2016-05-13,"21:30",1,134,0.54
"EASO-37",2017,2017-03-25,"20:17",0,84,0.052
"EASO-37",2017,2017-04-20,"21:13",0,110,0.32
"EASO-37",2017,2017-04-30,"21:12",0,120,0.272
"EASO-37",2017,2017-05-11,"21:30",0,131,0.983
"EASO-37",2018,2018-04-15,"21:07",1,105,0.002
"EASO-37",2018,2018-05-13,"21:19",0,133,0.027
"EASO-37",2018,2018-05-23,"21:42",0,143,0.717
"EASO-37",2018,2018-05-30,"22:01",0,150,0.973
"EASO-37",2019,2019-03-23,"19:55",0,82,0.879
"EASO-37",2019,2019-04-14,"20:11",0,104,0.772
"EASO-37",2019,2019-04-25,"20:30",0,115,0.579
"EASO-37",2019,2019-05-14,"20:40",0,134,0.838
"EASO-37",2020,2020-03-26,"20:05",0,86,0.067
"EASO-37",2020,2020-04-09,"20:05",0,100,0.943
"EASO-37",2020,2020-04-23,"20:18",0,114,0.01
"EASO-37",2020,2020-05-06,"20:37",0,127,0.998
"EASO-38",2013,2013-04-29,"21:50",1,119,0.765
"EASO-38",2014,2014-03-17,"19:32",0,76,0.983
"EASO-38",2014,2014-04-21,"20:16",0,111,0.524
"EASO-38",2014,2014-05-15,"22:34",1,135,0.977
"EASO-38",2014,2014-05-27,"21:09",1,147,0.003
"EASO-38",2015,2015-03-13,"20:35",1,72,0.444
"EASO-38",2015,2015-04-11,"20:50",0,101,0.49
"EASO-38",2015,2015-04-29,"21:40",1,119,0.855
"EASO-38",2015,2015-05-28,"21:55",0,148,0.804
"EASO-38",2016,2016-03-25,"20:45",0,85,0.936
"EASO-38",2016,2016-04-08,"21:54",1,99,0.043
"EASO-38",2016,2016-05-03,"21:27",0,124,0.093
"EASO-38",2016,2016-05-20,"21:22",0,141,0.993
"EASO-38",2018,2018-03-29,"21:06",0,88,0.981
"EASO-38",2018,2018-04-10,"21:29",0,100,0.242
"EASO-38",2018,2018-05-06,"21:35",0,126,0.584
"EASO-38",2018,2018-05-25,"21:47",0,145,0.887
"EASO-38",2019,2019-03-21,"19:56",0,80,0.982
"EASO-38",2019,2019-04-11,"20:07",0,101,0.434
"EASO-38",2019,2019-04-24,"20:33",0,114,0.673
"EASO-38",2019,2019-05-15,"20:45",0,135,0.913
"EASO-38",2020,2020-03-26,"21:10",0,86,0.069
"EASO-38",2020,2020-04-23,"21:13",0,114,0.01
"EASO-38",2020,2020-05-06,"21:41",0,127,0.998
"EASO-38",2020,2021-04-09,"21:05",0,99,0.035
"EASO-39",2013,2013-03-10,"19:50",0,69,0.006
"EASO-39",2013,2013-05-17,"04:27",0,137,0.436
"EASO-39",2015,2015-04-02,"20:15",0,92,0.981
"EASO-39",2015,2015-04-12,"20:00",0,102,0.38
"EASO-39",2015,2015-04-19,"20:10",0,109,0.026
"EASO-39",2016,2016-03-28,"20:20",0,88,0.735
"EASO-39",2016,2016-04-04,"20:10",0,95,0.075
"EASO-39",2016,2016-04-11,"20:10",0,102,0.271
"EASO-39",2017,2017-04-04,"20:10",0,94,0.644
"EASO-39",2017,2017-04-11,"20:10",0,101,0.99
"EASO-39",2019,2019-04-12,"19:30",0,102,0.548
"EASO-39",2019,2019-04-18,"20:15",0,108,0.997
"EASO-39",2019,2019-04-25,"19:45",0,115,0.582
"EASO-39",2019,2019-05-09,"20:00",0,129,0.285
"EASO-39",2020,2020-03-30,"20:02",0,90,0.376
"EASO-39",2020,2020-04-14,"20:18",1,105,0.492
"EASO-39",2020,2020-04-24,"20:10",0,115,0.037
"EASO-39",2020,2020-05-10,"20:28",0,131,0.832
"EASO-40",2013,2013-03-28,"21:15",0,87,0.965
"EASO-40",2013,2013-05-15,"21:25",0,135,0.314
"EASO-40",2013,2013-05-22,"05:05",0,142,0.904
"EASO-40",2014,2014-04-03,"19:58",0,93,0.206
"EASO-40",2014,2014-04-24,"20:32",0,114,0.192
"EASO-40",2014,2014-05-19,"20:43",0,139,0.671
"EASO-40",2014,2014-05-31,"20:48",0,151,0.114
"EASO-40",2016,2016-03-27,"20:00",0,87,0.817
"EASO-40",2016,2016-04-26,"20:33",1,117,0.789
"EASO-40",2016,2016-05-01,"20:27",0,122,0.272
"EASO-40",2016,2016-05-25,"21:30",0,146,0.829
"EASO-40",2017,2017-04-03,"20:00",0,93,0.53
"EASO-40",2017,2017-04-17,"20:10",0,107,0.621
"EASO-40",2017,2017-05-01,"20:30",0,121,0.377
"EASO-40",2017,2017-05-08,"20:30",0,128,0.972
"EASO-40",2019,2019-04-06,"20:07",0,96,0.03
"EASO-40",2020,2020-04-28,"20:27",0,119,0.327
"EASO-40",2020,2020-04-30,"20:38",0,121,0.549
"EASO-40",2020,2020-05-05,"21:34",0,126,0.978
"EASO-40",2020,2020-05-08,"20:37",0,129,0.96
"EASO-40",2021,2021-03-03,"20:25",0,62,0.724
"EASO-40",2021,2021-04-12,"20:04",0,102,0.011
"EASO-40",2021,2021-04-30,"20:49",0,120,0.795
"EASO-40",2021,2021-05-04,"21:10",0,124,0.37
"EASO-41",2013,2013-03-27,"06:25",0,86,0.999
"EASO-41",2013,2013-04-11,"05:35",0,101,0.015
"EASO-41",2013,2013-05-20,"05:15",0,140,0.739
"EASO-41",2014,2014-03-11,"21:21",0,70,0.813
"EASO-41",2014,2014-03-14,"21:15",0,73,0.973
"EASO-41",2016,2016-05-23,"22:00",1,144,0.95
"EASO-41",2017,2017-03-29,"20:02",0,88,0.051
"EASO-41",2017,2017-04-02,"20:05",0,92,0.414
"EASO-41",2017,2017-04-26,"20:24",0,116,0.007
"EASO-41",2018,2018-03-13,"19:42",0,72,0.119
"EASO-41",2018,2018-04-09,"20:15",0,99,0.333
"EASO-41",2018,2018-04-23,"20:12",0,113,0.64
"EASO-41",2018,2018-05-04,"21:00",0,124,0.761
"EASO-41",2019,2019-03-13,"19:42",1,72,0.478
"EASO-41",2019,2019-04-03,"19:48",1,93,0.019
"EASO-41",2019,2019-04-15,"20:30",0,105,0.864
"EASO-41",2019,2019-05-01,"20:45",0,121,0.085
"EASO-41",2021,2021-03-24,"20:11",0,83,0.835
"EASO-41",2021,2021-04-05,"20:32",0,95,0.324
"EASO-41",2021,2021-05-07,"20:49",0,127,0.118
"EASO-42",2013,2013-03-10,"20:40",0,69,0.006
"EASO-42",2013,2013-05-11,"05:20",0,131,0.023
"EASO-42",2013,2013-05-17,"04:45",0,137,0.437
"EASO-42",2015,2015-03-26,"19:55",0,85,0.471
"EASO-42",2015,2015-04-30,"20:30",0,120,0.912
"EASO-42",2015,2015-05-16,"20:42",0,136,0.012
"EASO-42",2016,2016-04-28,"20:35",1,119,0.598
"EASO-42",2016,2016-05-03,"20:50",0,124,0.095
"EASO-42",2016,2016-05-15,"20:55",0,136,0.727
"EASO-42",2016,2016-05-19,"21:18",0,140,0.971
"EASO-42",2019,2019-04-02,"19:45",0,92,0.052
"EASO-42",2019,2019-04-09,"19:35",0,99,0.221
"EASO-42",2019,2019-05-01,"19:57",0,121,0.087
"EASO-42",2019,2019-05-15,"20:15",0,135,0.912
"EASO-42",2021,2021-03-24,"21:13",0,83,0.838
"EASO-42",2021,2021-04-18,"21:51",0,108,0.401
"EASO-42",2021,2021-04-30,"21:45",0,120,0.791
"EASO-42",2021,2021-05-05,"22:52",0,125,0.266
"EASO-43",2013,2013-05-20,"23:15",0,140,0.807
"EASO-43",2014,2014-03-11,"19:40",0,70,0.808
"EASO-43",2014,2014-04-13,"20:15",0,103,0.982
"EASO-43",2014,2014-05-02,"20:45",0,122,0.159
"EASO-43",2016,2016-02-03,"22:31",0,34,0.213
"EASO-43",2016,2016-04-07,"22:45",0,98,0.009
"EASO-43",2016,2016-05-04,"23:20",0,125,0.033
"EASO-43",2016,2016-05-23,"23:05",0,144,0.948
"EASO-43",2020,2020-03-22,"20:55",0,82,0.015
"EASO-43",2020,2020-04-20,"21:40",0,111,0.036
"EASO-43",2020,2020-05-01,"21:55",0,122,0.667
"EASO-43",2021,2021-03-24,"20:42",0,83,0.837
"EASO-43",2021,2021-04-18,"22:14",0,108,0.403
"EASO-43",2021,2021-04-30,"22:28",0,120,0.788
"EASO-43",2021,2021-05-05,"23:34",0,125,0.264
"EASO-44",2013,2013-03-29,"22:40",1,88,0.907
"EASO-44",2013,2013-04-28,"22:30",1,118,0.855
"EASO-44",2013,2013-05-21,"23:10",1,141,0.887
"EASO-44",2014,2014-03-16,"21:00",1,75,0.999
"EASO-44",2014,2014-03-30,"21:20",1,89,0.003
"EASO-44",2014,2014-04-22,"20:30",0,112,0.405
"EASO-44",2014,2014-05-24,"21:00",0,144,0.135
"EASO-44",2015,2015-03-27,"22:16",1,86,0.582
"EASO-44",2015,2015-05-28,"22:10",1,148,0.805
"EASO-44",2016,2016-03-25,"20:26",0,85,0.937
"EASO-44",2016,2016-04-23,"21:15",1,114,0.965
"EASO-44",2016,2016-05-06,"21:15",0,127,0.004
"EASO-44",2016,2016-05-18,"21:30",0,139,0.932
"EASO-44",2017,2017-03-25,"22:30",1,84,0.048
"EASO-44",2017,2017-04-30,"22:30",1,120,0.278
"EASO-44",2017,2017-05-22,"22:50",0,142,0.093
"EASO-44",2017,2017-05-31,"22:00",0,151,0.454
"EASO-44",2018,2018-04-01,"22:20",1,91,0.962
"EASO-44",2018,2018-04-25,"22:22",1,115,0.846
"EASO-44",2018,2018-05-11,"21:51",0,131,0.134
"EASO-44",2018,2018-05-17,"22:59",0,137,0.095
"EASO-44",2019,2019-03-27,"21:02",1,86,0.509
"EASO-44",2019,2019-04-09,"21:29",1,99,0.228
"EASO-44",2019,2019-05-03,"21:26",0,123,0.01
"EASO-44",2019,2019-05-14,"21:36",0,134,0.841
"EASO-44",2020,2020-03-26,"21:37",0,86,0.07
"EASO-44",2020,2020-04-08,"22:08",0,99,0.981
"EASO-44",2020,2020-04-24,"21:57",0,115,0.039
"EASO-44",2020,2020-05-12,"22:17",0,133,0.643
"EASO-44",2021,2021-03-25,"21:36",0,84,0.91
"EASO-44",2021,2021-04-10,"22:52",0,100,0.008
"EASO-44",2021,2021-05-01,"21:57",0,121,0.69
"EASO-44",2021,2021-05-31,"22:24",0,151,0.625
"EASO-45",2013,2013-03-30,"04:45",0,89,0.889
"EASO-45",2013,2013-04-27,"22:18",0,117,0.929
"EASO-45",2013,2013-05-12,"22:13",0,132,0.094
"EASO-45",2014,2014-03-29,"19:55",0,88,0.005
"EASO-45",2014,2014-04-11,"20:40",0,101,0.893
"EASO-45",2014,2014-05-15,"20:50",0,135,0.979
"EASO-45",2014,2014-05-22,"23:23",0,142,0.313
"EASO-45",2015,2015-03-27,"21:55",0,86,0.581
"EASO-45",2015,2015-04-07,"23:54",0,97,0.868
"EASO-45",2015,2015-04-29,"23:44",0,119,0.86
"EASO-45",2015,2015-05-20,"23:40",0,140,0.116
"EASO-45",2016,2016-03-25,"19:35",0,85,0.938
"EASO-45",2016,2016-04-23,"20:34",0,114,0.966
"EASO-45",2016,2016-05-06,"20:32",0,127,0.003
"EASO-45",2016,2016-05-18,"20:40",0,139,0.931
"EASO-45",2017,2017-03-30,"19:50",0,89,0.114
"EASO-45",2017,2017-04-06,"20:30",1,96,0.838
"EASO-45",2017,2017-05-23,"22:07",0,143,0.039
"EASO-45",2018,2018-03-01,"20:29",0,60,0.999
"EASO-45",2018,2018-04-25,"20:47",0,115,0.841
"EASO-45",2018,2018-05-15,"21:48",0,135,0.007
"EASO-45",2018,2018-05-28,"22:40",0,148,0.997
"EASO-45",2019,2019-04-16,"21:33",1,106,0.935
"EASO-45",2019,2019-04-23,"20:40",0,113,0.761
"EASO-45",2019,2019-05-10,"20:30",0,130,0.399
"EASO-45",2020,2020-03-31,"22:40",0,91,0.494
"EASO-45",2020,2020-04-01,"21:09",0,92,0.596
"EASO-45",2020,2020-05-01,"21:13",0,122,0.664
"EASO-45",2020,2020-05-15,"20:48",0,136,0.356
"EASO-45",2021,2021-03-25,"22:00",0,84,0.911
"EASO-45",2021,2021-04-18,"21:43",0,108,0.401
"EASO-45",2021,2021-04-29,"21:53",0,119,0.877
"EASO-45",2021,2021-05-20,"23:38",0,140,0.674
"EASO-47",2013,2013-03-28,"21:12",0,87,0.965
"EASO-47",2013,2013-04-14,"20:21",1,104,0.205
"EASO-47",2013,2013-05-20,"21:08",0,140,0.8
"EASO-47",2014,2014-03-27,"19:50",0,86,0.088
"EASO-47",2014,2014-04-11,"20:06",0,101,0.892
"EASO-47",2014,2014-04-28,"20:40",0,118,0
"EASO-47",2014,2014-05-14,"20:56",0,134,0.998
"EASO-47",2016,2016-03-19,"21:09",0,79,0.901
"EASO-47",2016,2016-03-22,"20:06",0,82,0.999
"EASO-47",2016,2016-05-23,"21:40",0,144,0.951
"EASO-47",2017,2017-03-11,"18:55",1,70,0.998
"EASO-47",2017,2017-04-02,"20:16",1,92,0.415
"EASO-47",2017,2017-04-22,"20:20",0,112,0.145
"EASO-47",2017,2017-05-12,"20:54",0,132,0.952
"EASO-47",2018,2018-03-29,"21:46",0,88,0.981
"EASO-47",2018,2018-04-10,"22:00",0,100,0.24
"EASO-47",2018,2018-05-01,"21:53",0,121,0.948
"EASO-47",2018,2018-05-20,"22:05",0,140,0.381
"EASO-47",2019,2019-04-02,"22:30",0,92,0.047
"EASO-47",2019,2019-04-16,"20:11",0,106,0.932
"EASO-47",2019,2019-05-13,"22:15",0,133,0.75
"EASO-47",2019,2019-05-24,"23:15",0,144,0.634
"EASO-47",2021,2021-04-03,"22:15",0,93,0.536
"EASO-47",2021,2021-04-24,"22:30",0,114,0.947
"EASO-47",2021,2021-05-14,"22:18",0,134,0.103
"EASO-47",2021,2021-05-27,"22:12",0,147,0.958
"EASO-48",2013,2013-03-28,"19:50",0,87,0.968
"EASO-48",2013,2013-04-11,"20:06",0,101,0.033
"EASO-48",2013,2013-05-21,"20:45",0,141,0.879
"EASO-48",2015,2015-04-01,"19:50",1,91,0.947
"EASO-48",2015,2015-04-14,"19:55",0,104,0.172
"EASO-48",2015,2015-04-21,"20:00",0,111,0.14
"EASO-48",2015,2015-05-23,"20:42",0,143,0.351
"EASO-48",2017,2017-03-21,"20:07",0,80,0.361
"EASO-48",2017,2017-04-06,"20:02",0,96,0.836
"EASO-48",2017,2017-04-26,"21:09",1,116,0.007
"EASO-48",2017,2017-05-15,"20:47",0,135,0.768
"EASO-48",2018,2018-03-22,"20:03",0,81,0.328
"EASO-48",2018,2018-04-10,"20:14",0,100,0.246
"EASO-48",2018,2018-05-16,"21:14",0,136,0.035
"EASO-50",2014,2014-03-29,"20:11",1,88,0.005
"EASO-50",2014,2014-04-24,"21:11",0,114,0.19
"EASO-50",2014,2014-05-13,"21:10",0,133,0.993
"EASO-50",2014,2014-05-26,"21:41",0,146,0.024
"EASO-50",2015,2015-03-21,"22:18",0,80,0.046
"EASO-50",2015,2015-04-07,"20:42",0,97,0.878
"EASO-50",2015,2015-04-15,"20:26",0,105,0.091
"EASO-50",2015,2015-05-07,"20:48",0,127,0.838
"EASO-50",2016,2016-03-21,"19:49",0,81,0.984
"EASO-50",2016,2016-04-22,"20:05",0,113,0.992
"EASO-50",2016,2016-05-05,"20:32",0,126,0.007
"EASO-50",2016,2016-05-29,"20:32",0,150,0.417
"EASO-50",2017,2017-03-19,"19:40",1,78,0.552
"EASO-50",2017,2017-04-12,"20:11",1,102,0.963
"EASO-50",2017,2017-04-15,"20:17",0,105,0.792
"EASO-50",2017,2017-05-07,"20:42",0,127,0.932
"EASO-50",2018,2018-03-11,"19:29",0,70,0.267
"EASO-50",2018,2018-03-21,"19:32",0,80,0.223
"EASO-50",2018,2018-04-16,"20:02",0,106,0.013
"EASO-50",2018,2018-04-29,"20:23",0,119,0.998
"EASO-50",2020,2020-03-27,"19:51",0,87,0.122
"EASO-50",2021,2021-03-27,"20:10",0,86,0.991
"EASO-50",2021,2021-04-02,"20:14",0,92,0.659
"EASO-50",2021,2021-04-23,"20:12",0,113,0.878
"EASO-50",2021,2021-05-18,"20:42",0,138,0.444
"EASO-52",2014,2014-03-10,"20:10",0,69,0.732
"EASO-52",2014,2014-04-10,"20:55",0,100,0.827
"EASO-52",2014,2014-05-05,"21:30",0,125,0.412
"EASO-52",2014,2014-05-14,"21:35",0,134,0.998
"EASO-52",2015,2015-03-23,"21:32",0,82,0.182
"EASO-52",2015,2015-04-13,"21:44",0,103,0.262
"EASO-52",2015,2015-04-21,"20:44",0,111,0.143
"EASO-52",2015,2015-05-27,"21:32",0,147,0.723
"EASO-52",2016,2016-03-31,"21:48",0,91,0.433
"EASO-52",2016,2016-04-12,"20:34",0,103,0.378
"EASO-52",2016,2016-05-12,"22:01",0,133,0.439
"EASO-52",2016,2016-05-15,"21:38",0,136,0.73
"EASO-52",2017,2017-03-21,"21:02",0,80,0.357
"EASO-52",2017,2017-04-18,"21:25",0,108,0.519
"EASO-52",2017,2017-05-03,"21:22",0,123,0.606
"EASO-52",2017,2017-05-21,"21:28",0,141,0.174
"EASO-52",2018,2018-04-24,"22:00",0,114,0.754
"EASO-52",2018,2018-05-04,"23:23",0,124,0.753
"EASO-52",2018,2018-05-28,"22:15",0,148,0.997
"EASO-52",2018,2018-05-31,"23:37",0,151,0.932
"EASO-53",2013,2013-04-11,"04:40",0,101,0.014
"EASO-53",2013,2013-05-20,"04:40",0,140,0.737
"EASO-53",2014,2014-03-13,"19:50",0,72,0.931
"EASO-53",2014,2014-04-18,"20:50",0,108,0.839
"EASO-53",2014,2014-05-10,"20:50",0,130,0.852
"EASO-53",2014,2014-05-27,"19:50",0,147,0.004
"EASO-53",2015,2015-03-31,"21:00",0,90,0.9
"EASO-53",2015,2015-04-30,"21:05",0,120,0.913
"EASO-53",2015,2015-05-02,"21:00",0,122,0.988
"EASO-53",2016,2016-03-16,"20:30",0,76,0.645
"EASO-53",2016,2016-03-28,"20:35",0,88,0.734
"EASO-53",2016,2016-04-25,"21:10",0,116,0.862
"EASO-53",2016,2016-05-19,"21:30",0,140,0.971
"EASO-53",2019,2019-03-28,"13:30",0,87,0.442
"EASO-53",2019,2019-04-04,"19:57",0,94,0.003
"EASO-53",2019,2019-04-27,"20:41",0,117,0.389
"EASO-53",2019,2019-05-16,"20:44",0,136,0.965
"EASO-53",2020,2020-03-25,"14:15",0,85,0.022
"EASO-53",2020,2020-04-08,"20:45",0,99,0.983
"EASO-53",2020,2020-04-26,"20:41",0,117,0.149
"EASO-53",2020,2020-05-06,"21:03",0,127,0.998
"EASO-54",2013,2013-04-01,"20:01",0,91,0.632
"EASO-54",2013,2013-04-12,"20:07",0,102,0.076
"EASO-54",2013,2013-05-20,"20:42",0,140,0.798
"EASO-54",2014,2014-03-26,"21:00",0,85,0.161
"EASO-54",2014,2014-04-04,"21:17",0,94,0.297
"EASO-54",2014,2014-05-09,"21:32",0,129,0.777
"EASO-54",2014,2014-05-17,"21:30",0,137,0.863
"EASO-54",2015,2015-03-23,"21:00",0,82,0.18
"EASO-54",2015,2015-04-05,"21:20",0,95,0.975
"EASO-54",2015,2015-04-24,"21:06",0,114,0.414
"EASO-54",2015,2015-05-17,"21:00",0,137,0.001
"EASO-54",2017,2017-03-19,"21:20",0,78,0.546
"EASO-54",2017,2017-04-02,"21:12",0,92,0.42
"EASO-54",2017,2017-04-19,"21:20",0,109,0.419
"EASO-54",2017,2017-05-04,"21:32",0,124,0.71
"EASO-54",2018,2018-03-25,"21:10",0,84,0.681
"EASO-54",2018,2018-04-08,"21:45",0,98,0.419
"EASO-54",2018,2018-04-29,"21:20",0,119,0.997
"EASO-54",2018,2018-05-17,"21:40",0,137,0.091
"EASO-54",2021,2021-04-10,"20:09",1,100,0.01
"EASO-54",2021,2021-04-24,"20:26",0,114,0.943
"EASO-54",2021,2021-05-21,"21:34",0,141,0.767
"EASO-54",2021,2021-05-28,"21:06",0,148,0.902
"EASO-56",2014,2014-05-15,"21:00",0,135,0.979
"EASO-56",2014,2014-05-29,"21:13",0,149,0.024
"EASO-56",2015,2015-03-20,"23:17",0,79,0.011
"EASO-56",2015,2015-04-01,"22:05",0,91,0.951
"EASO-56",2015,2015-04-30,"22:00",0,120,0.915
"EASO-56",2015,2015-05-15,"23:00",0,135,0.044
"EASO-56",2017,2017-03-25,"20:40",0,84,0.051
"EASO-56",2017,2017-04-08,"21:39",0,98,0.961
"EASO-56",2017,2017-04-23,"21:11",0,113,0.074
"EASO-56",2017,2017-05-02,"22:11",1,122,0.498
"EASO-56",2020,2020-04-05,"19:45",0,96,0.944
"EASO-56",2020,2020-04-19,"19:40",0,110,0.083
"EASO-56",2020,2020-04-27,"19:41",0,118,0.228
"EASO-56",2021,2021-04-11,"20:06",0,101,0.001
"EASO-56",2021,2021-04-18,"20:17",0,108,0.395
"EASO-56",2021,2021-04-25,"20:41",0,115,0.984
"EASO-56",2021,2021-05-15,"20:46",0,135,0.166
"EASO-57",2015,2015-03-27,"20:20",0,86,0.574
"EASO-57",2015,2015-04-24,"21:00",0,114,0.414
"EASO-57",2015,2015-05-15,"20:50",0,135,0.049
"EASO-57",2015,2015-05-18,"20:55",0,138,0.016
"EASO-57",2016,2016-03-21,"20:40",0,81,0.985
"EASO-57",2016,2016-04-14,"20:09",0,105,0.59
"EASO-57",2016,2016-05-03,"21:19",0,124,0.093
"EASO-57",2016,2016-05-23,"21:44",0,144,0.951
"EASO-57",2017,2017-03-21,"19:50",0,80,0.362
"EASO-57",2017,2017-04-19,"20:59",0,109,0.421
"EASO-57",2017,2017-04-24,"21:15",0,114,0.027
"EASO-57",2017,2017-05-02,"21:10",0,122,0.494
"EASO-57",2018,2018-04-23,"20:10",0,113,0.64
"EASO-57",2018,2018-05-14,"21:40",0,134,0.004
"EASO-57",2018,2018-05-30,"20:20",0,150,0.975
"EASO-57",2020,2020-03-26,"20:00",0,86,0.067
"EASO-57",2020,2020-04-25,"20:22",0,116,0.083
"EASO-57",2020,2020-05-02,"21:04",0,123,0.768
"EASO-57",2020,2020-05-09,"20:58",0,130,0.904
"EASO-58",2014,2014-03-08,"20:16",0,67,0.556
"EASO-58",2014,2014-04-11,"22:30",0,101,0.898
"EASO-58",2014,2014-05-08,"21:40",0,128,0.691
"EASO-58",2014,2014-05-19,"22:10",0,139,0.664
"EASO-58",2015,2015-04-04,"20:10",0,94,0.997
"EASO-58",2015,2015-04-12,"20:30",0,102,0.377
"EASO-58",2015,2015-05-17,"20:50",0,137,0.001
"EASO-58",2017,2017-04-06,"20:05",0,96,0.837
"EASO-58",2017,2017-04-15,"21:52",0,105,0.787
"EASO-58",2017,2017-05-01,"20:35",0,121,0.378
"EASO-58",2017,2017-05-23,"21:36",0,143,0.04
"EASO-58",2018,2018-03-19,"20:02",0,78,0.071
"EASO-58",2018,2018-04-25,"20:23",0,115,0.84
"EASO-58",2018,2018-05-28,"23:06",0,148,0.998
"EASO-58",2019,2019-03-01,"21:40",0,60,0.169
"EASO-58",2019,2019-04-02,"20:00",0,92,0.052
"EASO-58",2019,2019-04-25,"20:21",0,115,0.58
"EASO-58",2019,2019-05-10,"21:54",0,130,0.406
"EASO-59",2014,2014-03-20,"21:45",0,79,0.801
"EASO-59",2014,2014-05-14,"20:41",0,134,0.999
"EASO-59",2015,2015-04-21,"21:10",0,111,0.144
"EASO-59",2015,2015-04-28,"21:50",0,118,0.783
"EASO-59",2015,2015-05-30,"22:30",0,150,0.932
"EASO-59",2016,2016-04-05,"21:47",0,96,0.023
"EASO-59",2016,2016-04-19,"20:45",0,110,0.962
"EASO-59",2016,2016-04-23,"21:30",0,114,0.965
"EASO-59",2016,2016-04-26,"20:43",0,117,0.788
"EASO-59",2017,2017-03-16,"21:43",0,75,0.803
"EASO-59",2017,2017-04-11,"21:53",0,101,0.988
"EASO-59",2017,2017-04-12,"21:25",0,102,0.961
"EASO-59",2017,2017-05-11,"20:58",1,131,0.983
"EASO-59",2019,2019-03-17,"20:40",0,76,0.89
"EASO-60",2014,2014-03-23,"20:19",0,82,0.486
"EASO-60",2014,2014-05-03,"22:02",1,123,0.239
"EASO-60",2014,2014-05-09,"21:37",0,129,0.777
"EASO-60",2014,2014-05-24,"21:59",0,144,0.132
"EASO-60",2015,2015-03-30,"21:57",0,89,0.839
"EASO-60",2015,2015-04-23,"22:34",0,113,0.323
"EASO-60",2015,2015-05-14,"22:08",0,134,0.107
"EASO-60",2016,2016-03-22,"21:58",0,82,0.999
"EASO-60",2016,2016-04-24,"22:18",0,115,0.92
"EASO-60",2016,2016-05-09,"21:59",0,130,0.152
"EASO-60",2016,2016-05-25,"22:17",0,146,0.826
"EASO-60",2017,2017-03-21,"20:57",0,80,0.357
"EASO-60",2017,2017-04-12,"21:54",0,102,0.96
"EASO-60",2017,2017-05-01,"21:36",0,121,0.383
"EASO-60",2017,2017-05-15,"22:15",0,135,0.763
"EASO-60",2018,2018-04-01,"21:58",0,91,0.963
"EASO-60",2018,2018-04-25,"22:06",0,115,0.845
"EASO-60",2018,2018-05-11,"21:36",0,131,0.134
"EASO-60",2018,2018-05-17,"22:46",0,137,0.094
"EASO-60",2019,2019-03-27,"20:43",0,86,0.511
"EASO-60",2019,2019-04-09,"21:16",0,99,0.227
"EASO-60",2019,2019-05-03,"21:11",0,123,0.01
"EASO-60",2019,2019-05-14,"21:19",0,134,0.84
"EASO-60",2020,2020-03-26,"21:20",0,86,0.069
"EASO-60",2020,2020-04-08,"21:55",0,99,0.982
"EASO-60",2020,2020-04-24,"21:44",0,115,0.039
"EASO-60",2020,2020-05-22,"23:10",1,143,0.002
"EASO-60",2021,2021-03-25,"21:21",0,84,0.91
"EASO-60",2021,2021-04-10,"22:38",0,100,0.008
"EASO-60",2021,2021-05-01,"21:44",0,121,0.691
"EASO-60",2021,2021-05-31,"22:10",0,151,0.626
"EASO-61",2014,2014-04-10,"05:00",0,100,0.777
"EASO-61",2014,2014-04-21,"21:37",0,111,0.517
"EASO-61",2014,2014-05-09,"21:30",0,129,0.777
"EASO-61",2015,2015-03-17,"20:00",0,76,0.071
"EASO-61",2015,2015-04-20,"20:30",1,110,0.075
"EASO-61",2015,2015-04-29,"20:30",0,119,0.851
"EASO-61",2015,2015-05-11,"20:40",1,131,0.412
"EASO-61",2016,2016-04-20,"20:24",0,111,0.989
"EASO-61",2016,2016-04-26,"21:22",0,117,0.786
"EASO-61",2016,2016-05-03,"22:05",0,124,0.091
"EASO-61",2016,2016-05-20,"22:21",0,141,0.993
"EASO-61",2017,2017-03-11,"18:59",0,70,0.998
"EASO-61",2017,2017-03-27,"21:30",0,86,0.001
"EASO-61",2017,2017-04-11,"21:21",0,101,0.989
"EASO-61",2017,2017-05-14,"23:06",0,134,0.837
"EASO-61",2018,2018-03-12,"19:21",0,71,0.189
"EASO-61",2018,2018-04-27,"21:24",0,117,0.965
"EASO-61",2018,2018-05-09,"21:31",0,129,0.3
"EASO-61",2018,2018-05-29,"22:51",0,149,0.994
"EASO-61",2020,2020-05-04,"21:00",0,125,0.93
"EASO-61",2020,2020-05-10,"21:20",0,131,0.829
"EASO-61",2020,2020-05-18,"21:32",0,139,0.12
"EASO-63",2015,2015-03-28,"21:32",0,87,0.675
"EASO-63",2016,2016-05-20,"20:50",0,141,0.993
"EASO-63",2019,2019-05-11,"21:17",1,131,0.521
"EASO-63",2019,2019-05-31,"21:05",0,151,0.064
"EASO-63",2020,2020-05-07,"21:29",0,128,0.991
"EASO-63",2020,2020-05-17,"21:05",0,138,0.189
"EASO-63",2020,2020-05-20,"20:46",0,141,0.028
"EASO-63",2020,2020-05-28,"21:30",0,149,0.4
"EASO-63",2021,2021-04-03,"21:33",0,93,0.54
"EASO-63",2021,2021-04-24,"21:46",0,114,0.946
"EASO-63",2021,2021-05-14,"21:36",0,134,0.102
"EASO-63",2021,2021-05-27,"21:42",0,147,0.959
"EASO-66",2021,2021-03-24,"20:23",0,83,0.836
"EASO-66",2021,2021-04-18,"22:31",0,108,0.404
"EASO-66",2021,2021-04-30,"22:10",0,120,0.79
"EASO-66",2021,2021-05-05,"23:14",0,125,0.265
"EASO-68",2019,2019-05-02,"21:42",0,122,0.038
"EASO-68",2019,2019-05-15,"21:25",0,135,0.915
"EASO-68",2019,2019-05-16,"21:20",0,136,0.966
"EASO-68",2021,2021-04-03,"21:06",0,93,0.542
"EASO-68",2021,2021-04-24,"21:20",0,114,0.945
"EASO-68",2021,2021-05-14,"21:13",0,134,0.101
